<?xml version="1.0"?>
<pagescount>
	<html_total>1</html_total>
	<html_done>1</html_done>
	<images>11</images>
	<script>6</script>
	<css>8</css>
	<pdf/>
	<documents/>
	<excel/>
	<powerpoint/>
	<flash/>
	<audios/>
	<videos/>
	<xml/>
	<json/>
	<txt/>
	<autocad/>
	<fonts>6</fonts>
	<scraping_reload>1</scraping_reload>
	<is_pretty_url>false</is_pretty_url>
	<is_ebn>false</is_ebn>
	<email>wjdwlstn2018@gmail.com</email>
	<theme_name>WmdTheme622301</theme_name>
	<server_url_front_page>https://www6.waybackmachinedownloader.com/wdo/files/demo/santanashaun7733.wordpress.com_wjdwlstn2018_gmail.com_0yjn63groq/</server_url_front_page>
	<no_www_url>santanashaun7733.wordpress.com</no_www_url>
	<hosted_domain/>
	<original_archive_url>https://santanashaun7733.wordpress.com/</original_archive_url>
	<final_archive_url>https://santanashaun7733.wordpress.com/</final_archive_url>
	<front_page_code_date/>
	<total_urls_from_api/>
	<max_reached_live>false</max_reached_live>
	<scrape_other_captures>false</scrape_other_captures>
	<total_size>1112</total_size>
</pagescount>
